<?xml version="1.0" encoding="UTF-8"?>
<beans xmlns="http://www.springframework.org/schema/beans"
	xmlns:xsi="http://www.w3.org/2001/XMLSchema-instance"
	xmlns:aop="http://www.springframework.org/schema/aop"
	xmlns:context="http://www.springframework.org/schema/context"
	xsi:schemaLocation="http://www.springframework.org/schema/beans http://www.springframework.org/schema/beans/spring-beans.xsd
      http://www.springframework.org/schema/aop http://www.springframework.org/schema/aop/spring-aop.xsd
      http://www.springframework.org/schema/context http://www.springframework.org/schema/context/spring-context.xsd">
	<context:annotation-config></context:annotation-config>
	<aop:aspectj-autoproxy></aop:aspectj-autoproxy>
	<bean id="dataSource"
		class="org.springframework.jndi.JndiObjectFactoryBean">  <!-- jndi -->
		<property name="jndiName" value="java:comp/env/jdbc/myora"></property>  <!-- java:comp/env/ 이걸 그냥 외우래 jndi읽어 들일때 라벨 딱지 같은거래 -->
	</bean>

	<bean id="factoryBean"
		class="org.mybatis.spring.SqlSessionFactoryBean">
		<property name="dataSource" ref="dataSource"></property>  <!-- has a 관계 factory빈의 래프랑 위에 id랑 값 같이 -->
		<property name="configLocation"
			value="classpath:/kr/co/agmo/mvc/config/config.xml"></property>
		<property name="mapperLocations"
			value="classpath*:/kr/co/agmo/mvc/mapper/*.xml"></property>
	</bean>

	<bean id="ss" class="org.mybatis.spring.SqlSessionTemplate">
		<constructor-arg ref="factoryBean"></constructor-arg>
	</bean>

	<!-- FileUpload -->
	<bean id="multipartResolver"
		class="org.springframework.web.multipart.commons.CommonsMultipartResolver"></bean>
	
</beans>